noticia_id,titulo,sentimento_llm,entidade_llm,ticker_mapeado,sentimento_humano_PREENCHER
66944,dolar abre em leve queda apos flavio bolsonaro sinalizar pode desistir de disputar presidencia,positivo,Ibovespa,,
73845,"Vivara (VIVA3) abre 18 novas lojas no 3T23, com foco na linha Life",positivo,Vivara,,
56581,stf condena fernando collor a 8 anos e 10 meses de prisao,neutro,Nenhuma,,
78078,Alto Escalão: Totvs tem novo CEO para Techfin,neutro,Totvs,TOTS3,
62175,com 386 quedas de arvores e 168 semaforos inoperantes nunes culpa enel pelos problemas na cidade de sp apos temporal,negativo,Enel,,
91529,Sabesp (SBSP3): Governo de São Paulo lança guia de desestatização da companhia,positivo,Sabesp,SBSP3,
60756,powell vale china meta fiscal e mais assuntos que vao movimentar o mercado hoje,neutro,Ibovespa,,
85805,Renner anuncia retomada da expansão física com 170 lojas até 2030,positivo,Lojas Renner,LREN3,
79080,Grendene SA enfrenta desafios financeiros no quarto trimestre de 2025,negativo,Grendene,GRND3,
94260,WEG (WEGE3) divulga os resultados do terceiro trimestre de 2022 (3T22),neutro,WEG,WEGE3,
61489,petrobras adaptacao antigas plataformas petroleo,negativo,petrobras,PETR4,
61045,samuel pessoa privatizacao petrobras carga tributaria acertar fiscal,neutro,petrobras,PETR4,
91168,"Sabesp realiza novos bloqueios na Rua Goiás, em Santos",negativo,Sabesp,SBSP3,
81380,Iguatemi Bosque brinda clientes I’Club com a coleção exclusiva da Le Creuset - Portal IN - Pompeu Vasconcelos,neutro,Iguatemi,IGTI11,
91049,"Esgoto de supertúnel que se rompeu na Marginal será direcionado para tubulação desativada, e não será despejado no Tietê, diz Sabesp",neutro,Sabesp,SBSP3,
94506,Conheça a empresa com mais bilionários no Brasil,neutro,Weg,WEGE3,
66818,defesa civil alerta para tempestades com ventos de ate 100 kmh em sp entre sexta 7 e sabado 8,negativo,Enel,,
82356,"10 empresas que geraram mais bilionários no Brasil, segundo a lista da Forbes",neutro,N/A,,
94047,Casal catarinense compra mansão da apresentadora Xuxa Meneguel,neutro,nenhuma,,
77380,Plataforma do Fleury reúne produtos e serviços de saúde em um só lugar,positivo,Fleury,FLRY3,
59108,eleitores tem visao bem racional sobre o que foi a lava jato diz diretor da quaest,neutro,nenhuma,,
63222,servico geologico enfrenta restricao orcamentaria e corre para mapear minerais criticos do brasil,negativo,Setor de Mineração,,
83436,Itaú permitirá 'pulo' de até 2 parcelas de financiamento imobiliário por ano,neutro,Itaú,ITUB4,
79937,Teatro Oficina do Estudante Iguatemi Campinas ficará fechado até o dia 28 de fevereiro,neutro,Iguatemi,IGTI11,
93921,Weg anuncia novos investimentos em Minas Gerais,positivo,Weg,WEGE3,
81551,Polícia Civil cumpre mandados judiciais e interdita estabelecimento após investigação de homicídio qualificado em Iguatemi,neutro,Nenhuma,,
89573,Renault Duster ganha nova versão de entrada,neutro,Renault,,
75367,ARX Investimentos contrata ex-BTG como economista-chefe,neutro,BTG Pactual,BPAC11,
87481,Ação da Multiplan entrega retorno de 43% após alerta de Preço-justo,positivo,Multiplan,MULT3,
62070,moraes suspende todas as acoes sobre iof e determina que governo e congresso cheguem a consenso,neutro,nenhuma,,
93980,"Turbinas de combustão a gás hidrogênio e a biodiesel para backup solar em usina, da Siemens Energy, promete revolucionar a geração de energia renovável no mundo",positivo,Siemens Energy,,
88490,Petrobras signs memorandum of understanding with Chinese company CNCEC,positivo,Petrobras,PETR4,
80342,"Terenos, Iguatemi e Anastácio comemoram aniversário neste domingo",neutro,Iguatemi,IGTI11,
92897,"Ebanx, unicórnio especializado em pagamentos, anuncia novo CEO",neutro,Ebanx,,
62855,petrobras reduz preco medio do gas para distribuidoras em 1 a partir de fevereiro,negativo,Petrobras,PETR4,
90943,Sabesp demora para transferir conta de água,negativo,Sabesp,SBSP3,
55425,melhores acoes dividendos maio 2023,positivo,B3,B3SA3,
59739,ibovespa hoje bolsa de valores ao vivo,neutro,Ibovespa,,
74955,BTG Pactual libera até R$ 2 bi em crédito para PMEs via programa do BNDES; veja como solicitar,positivo,BTG Pactual,BPAC11,
65830,veja quais acoes pagam dividendos acima do cdi com a selic em 15,positivo,Ações,,
94777,"A Weg é uma ""máquina"" de resultados (mas aumento das despesas vira preocupação)",negativo,Weg,WEGE3,
85554,"Lojas Renner tenta apaziguar ânimos do mercado após anúncio de bônus gordo em 2024, mas ações LREN3 estendem queda na B3",negativo,Lojas Renner,LREN3,
92925,Laboratório Femme escolhe soluções TOTVS para automatizar processos e aumentar a produtividade,positivo,Totvs,TOTS3,
94972,UFSM firma acordo de transferência de tecnologia com gigante brasileira do setor elétrico,positivo,WEG,WEGE3,
57828,petrobras medicao de ventos rio grande do norte,positivo,Petrobras,PETR4,
62078,haddad nem meirelles nem guedes conseguiram produzir superavit sustentavel das contas publicas,neutro,Nenhuma,,
78502,Citi prevê que Fleury (FLRY3) terá resultados em linha com o esperado no 1TRI26,neutro,Fleury,FLRY3,
60788,petrobras reduz preco do querosene de aviacao em 06 nas principais pracas,positivo,Setor Aéreo,,
84163,Dividendos da semana: Cielo e bancos estão entre as empresas que pagam,positivo,Itaú Unibanco,ITUB4,
91038,Sabesp disponibiliza atendimento por WhatsApp em Várzea Paulista,neutro,Sabesp,SBSP3,
59775,acoes da petrobras petr3petr4 sobem mais de 3 com novo avanco do petroleo,positivo,Petrobras,PETR4,
55222,exclusive pemexs trading arm bans new business with trafigura sources idUSKBN2EL2A8,negativo,Trafigura,,
61952,defesa civil interdita sete imoveis em rua do jardim angela na zona sul de sp apos rompimento de adutora inundar casas,negativo,Sabesp,SBSP3,
63619,moro faz ofensiva contra medida que favorece braskem,negativo,Braskem,,
82737,Itaúsa (ITSA4) pagará acionistas após vender frações resultantes de aumento de capital; entenda,neutro,Itaúsa,ITSA4,
65656,ibovespa cai 092 com hapvida e construtoras entre maiores baixas veja destaques,negativo,hapvida,,
76338,Solução de retrofit traz segurança e eficiência para fornecedor de energia da Bélgica,neutro,N/A,,
76192,Parque Linear do Córrego Lagoinha recebe 62 postes de iluminação de LED,neutro,Nenhuma,,
73935,Quanto rendem R$ 10 mil no Tesouro Direto?,neutro,Tesouro Direto,,
92052,Sabesp admite que está lançando esgoto sem tratamento no Rio Tietê para esvaziar tubulação rompida na Marginal,negativo,Sabesp,SBSP3,
62168,governo prepara decreto para endurecer regras contra fraudes na mistura de biodiesel no diesel,positivo,petrobras,PETR4,
90227,Volare fortalece liderança com lançamento de modelos que se destacam por novas tecnologias,positivo,Volare,,
53893,russia ataca ucrania impacto ibovespa,negativo,Ibovespa,,
79734,Conheça o projeto que valoriza quem está na linha de frente das farmácias,neutro,Hypera Pharma,HYPE3,
66183,ibovespa reduz folego apos testar 154 mil pontos mas tem recorde e 12 altas seguidas,positivo,Ibovespa,,
56712,preco da gasolina aumenta cerca de 10 centavos em rio branco e consumidores reclamam,neutro,Petrobras,PETR4,
59581,"Dólar fecha em R$ 5,16 e tem maior patamar do mês até agora, com juro dos EUA no radar; Ibovespa cai",negativo,Ibovespa,,
84410,Citi: eventual queda das ações do Itaú (ITUB4) pode ser oportunidade de compra; entenda,positivo,Itaú,ITUB4,
90565,Marcopolo entrega primeiro ônibus Geração 8 movido a biometano para a Pássaro Marron,positivo,Marcopolo,POMO4,
79456,A guerra da ressaca: Hypera entra na Justiça contra a Cimed por concorrência com Engov,negativo,Hypera,HYPE3,
64077,estaleiro acusado na lava jato por propinas a vaccari e duque fecha acordo de r 728 milhoes,negativo,Estaleiro,,
57626,como universidade no agreste nordestino virou lider em patentes no setor academico,neutro,nenhuma,,
65701,bofa rebaixa exposicao brasil para neutro ao ver selic a 1425 no fim de 2026 veja acoes,negativo,ibovespa,,
91004,Sabesp realiza reparo emergencial em adutora e pede 'uso consciente',negativo,Sabesp,SBSP3,
85107,Lojas Renner lança programa de fidelidade e plataforma financeira; veja os destaques do Radar,positivo,Lojas Renner,LREN3,
78281,Fleury tem queda de 12% no lucro do 2º tri com maiores investimentos,negativo,Fleury,FLRY3,
62166,com agua cortada por divida de r 380 mil sabesp flagra restaurantes de lilian goncalves com gatos e aciona policia empresaria nega,positivo,Sabesp,SBSP3,
54676,reajuste nos precos dos combustiveis gera filas em postos no litoral de sp,positivo,Petrobras,PETR4,
84002,COMUNICADO,neutro,N/A,,
66408,ibovespa hoje bolsa de valores ao vivo,neutro,Ibovespa,,
73463,"Banco Central decreta liquidação da Reag, envolvida nos casos PCC e Master",negativo,Reag,,
66864,novonor fecha acordo de exclusividade para vender participacao na braskem para ig4,positivo,Braskem,,
87672,Retenção ilícita de recebíveis dos seus contratados pela Petrobras,negativo,Petrobras,PETR4,
86346,CCR (CCRO3) propõe mudança de nome para MOTIVA em assembleia,neutro,CCR,MOTV3,
57335,decision block petrobras amazon project roils lula coalition,negativo,petrobras,PETR4,
91738,"Equatorial é única a apresentar proposta e se torna acionista de referência da Sabesp por R$ 6,9 bi",positivo,Sabesp,SBSP3,
64562,petrobras celebra 30 anos de cinema brasileiro na ccxp,neutro,petrobras,PETR4,
75383,BTG adquire empresa de comércio exterior Sertrading,positivo,BTG Pactual,BPAC11,
65761,de itau a petrobras veja as acoes mais recomendadas para investir em outubro,positivo,Itaú,ITUB4,
74416,"BTG compra participação da Caixa no Banco PAN por R$ 3,7 bi",positivo,BTG Pactual,BPAC11,
57116,ibovespa hoje bolsa de valores ao vivo,neutro,Ibovespa,,
64255,confronto eua ira encarece petroleo favorece acoes da petrobras mas a pressiona a rever precos,positivo,Petrobras,PETR4,
92326,"Explosão em SP: moradores afetados irão receber R$ 5 mil, diz Sabesp",negativo,Sabesp,SBSP3,
58133,petrobras prates lula acoes volatilidade,negativo,Petrobras,PETR4,
54042,"Ibovespa hoje: JHSF (JHSF3), Santander (SANB11), Itaú (ITUB4) e Sabesp (SBSP3) são os destaques positivos do dia",positivo,JHSF,,
94758,"WEG aposta em mobilidade elétrica, internacionalização e data centers para crescer",positivo,WEG,WEGE3,
84603,Ainda vale a pena comprar Itaú (ITUB3) em 2025?,neutro,Itaú,ITUB4,
80924,Iguatemi São Carlos tem novo horário a partir de segunda-feira,neutro,Iguatemi,IGTI11,
56307,preco da gasolina em goiania cai quase um real apos anuncio de reducao da petrobras,negativo,petrobras,PETR4,
78189,Confira a programação gratuita das Bibliotecas Municipais de Sorocaba no mês de abril,neutro,Nenhuma,,
81290,Desfile marca o lançamento da campanha “Verão Iguatemi” no Iguatemi Bosque - Portal IN - Pompeu Vasconcelos,positivo,Iguatemi,IGTI11,
55778,criticas lula capitalizacao eletrobras,negativo,Eletrobras,,
64518,lula pacote bondades economia ano eleitoral popularidade,neutro,Nenhuma,,
82608,Qual banco está barato na bolsa?,neutro,N/A,,
74830,Startup de crédito Ali recebe R$ 135 mi de hub do BTG Pactual,positivo,BTG Pactual,BPAC11,
92592,JPMorgan rebaixa Caixa Seguridade (CXSE3) após consignado privado; entenda,negativo,Caixa Seguridade,,
59435,"Dólar salta 1,5% e fecha próximo de R$ 5,20, à espera do Fed; Ibovespa tem queda",negativo,Ibovespa,,
56249,o recife de corais raro na boca do rio amazonas sob ameaca da extracao de petroleo,negativo,petrobras,PETR4,
64912,grupo refit polemicas entenda,negativo,Refit,,
55391,pacote do governo para o setor automotivo e bomba relogio de inflacao,negativo,setor automotivo,,
91768,Sabesp (SBSP3) vai pagar mais dividendos após privatização?,positivo,Sabesp,SBSP3,
85773,"Renner: resultados erráticos, desaceleração e ação cortada – LREN3 cai 4% após 3T",negativo,Lojas Renner,LREN3,
88288,Petrobras fecha acordo bilionário com chineses para financiar plano de negócios,positivo,Petrobras,PETR4,
54469,alta dos combustiveis entidades e politicos repercutem reajuste de precos da petrobras,negativo,Petrobras,PETR4,
60876,eolicas em alto mar veem fuga de capital com atraso em marco legal,negativo,Setor Eólico,,
91698,Sabesp (SBSP3): Câmara de SP aprova em primeiro turno adesão da cidade à privatização,positivo,Sabesp,SBSP3,
59973,petrobras petr4 nega intencao de retornar ao segmento de distribuicao grazziotin cgra4 pagara jcp em agosto e mais noticias,positivo,Grazziotin,,
58811,petrobras reduz preco do oleo diesel para as distribuidoras,negativo,petrobras,PETR4,
86634,Shopping ParkJacarepaguá será inaugurado em novembro de 2021,positivo,Multiplan,MULT3,
78630,Incorporadora ‘na chon’? Chama o Grendene,neutro,Grendene,GRND3,
57271,condicoes e fator petrobras os impasses na proposta pela braskem brkm5,negativo,braskem,,
79824,"Hypera (HYPE3) anuncia aumento de capital de até R$ 1,5 bilhão",negativo,Hypera,HYPE3,
64587,campo de buzios petroleo,positivo,Petrobras,PETR4,
95060,WEG investe US$ 77 milhões na expansão de fábrica de transformadores nos EUA - InvestNews,positivo,WEG,WEGE3,
92683,"Eletrobras (AXIA3, AXIA5, AXIA6): Banco Clássico atinge 5,00% das ações ON",neutro,Eletrobras,,
78117,Posse administrativa dos(as) conselheiros(as) seccionais marca 1ª Sessão Extraordinária do Conselho Pleno da OAB-GO,neutro,OAB-GO,,
56821,em plano de governo ciro gomes defende mudar politica de precos da petrobras e criar programa de renda minima,negativo,Petrobras,PETR4,
57183,juros sobre capital proprio jcp reforma tributaria,negativo,mercado,,
62111,governo publica mp para limitar subsidios da conta de luz e mudar regras de venda de gas da uniao,neutro,governo,,
66854,taxacao sobre debentures incentivadas teria impacto de r 1547 bi no setor de saneamento diz estudo,negativo,setor de saneamento,SBSP3,
55298,gas nacional aumentar oferta,positivo,Gás Nacional,,
78570,"Grendene lança Nuar, plataforma de melhor impacto",positivo,Grendene,GRND3,
59953,ibovespa hoje bolsa de valores ao vivo,neutro,ibovespa,,
58604,gasolina e diesel vao ficar mais caros por causa da guerra de israel e hamas,negativo,petrobras,PETR4,
88163,Funcionárias terceirizadas do Centro de Pesquisa da Petrobras denunciam petroleiro por assédio sexual,negativo,Petrobras,PETR4,
85314,De C&A a Track&Field: o que 9 gráficos contam sobre as varejistas de moda?,neutro,C&A,,
55066,"Preço médio da gasolina sobe para R$ 5,67 em Porto Velho após alta de 1,4% em uma semana, diz ANP",positivo,Petrobras,PETR4,
56970,petrobras cogita retomar exploracao na africa,positivo,Petrobras,PETR4,
60348,petrobras petr4 onda corte recomendacao acoes decepcao dividendos sem catalisadores,negativo,petrobras,PETR4,
86163,"Preços de tarifas de pedágio da Via Lagos serão reduzidos a partir dessa terça-feira, 1 de agosto",negativo,CCR,MOTV3,
82873,Motiva adere à iniciativa global de proteção à biodiversidade TNFD e reforça liderança setorial em sustentabilidade,neutro,Motiva,MOTV3,
58700,apos desistencia da adnoc braskem brkm5 afirma que ha outra empresa interessada em aquisicao,positivo,Braskem,,
66622,aliados de haddad aumentam criticas a sabesp para atingir tarcisio,negativo,Sabesp,SBSP3,
94262,Nardini participa de feira nos Estados Unidos,neutro,Nardini,,
79059,Atenção: datas corretas de pagamento de dividendo da Grendene (GRND3),neutro,Grendene,GRND3,
62763,ibovespa fecha em queda com mercado a espera de medidas fiscais do governo,negativo,Ibovespa,,
59283,operacao prometheus contratos petrobras,negativo,Petrobras,PETR4,
86778,Hapvida compra operadora de saúde por R$ 120 milhões; veja os destaques do Radar,positivo,Hapvida,,
83615,Itaú aposenta marca de cartões Itaucard,neutro,Itaú,ITUB4,
81776,"Isa Cteep: conciliação com a Fazenda de SP não implica abrir mão de direitos, diz CEO",positivo,Isa Cteep,ISAE4,
